"","p_val","avg_log2FC","pct.1","pct.2","p_val_adj","cluster","gene"
"1",0,1.71536650208319,0.886,0.363,0,"0","IL7R"
"2",0,1.83513275500272,0.958,0.456,0,"0","LTB"
"3",0,1.51520417247233,0.662,0.228,0,"0","INPP4B"
"4",0,2.10251139374793,0.589,0.165,0,"0","AQP3"
"5",0,2.08304712850013,0.529,0.126,0,"0","MAL"
"6",0,1.503614933165,0.893,0.51,0,"0","LDHB"
"7",0,1.43084043856953,0.655,0.284,0,"0","FLT3LG"
"8",0,1.53919761900226,0.502,0.18,0,"0","GPR183"
"9",0,1.83403594712793,0.442,0.124,0,"0","TRAT1"
"10",0,1.48442040152485,0.488,0.174,0,"0","RCAN3"
"11",0,1.63189560815369,0.507,0.21,0,"0","TRADD"
"12",0,1.53448275150069,0.437,0.159,0,"0","CD5"
"13",0,1.77237055750397,0.365,0.103,0,"0","CD28"
"14",0,1.98374536077185,0.34,0.084,0,"0","CD40LG"
"15",0,1.6486979535905,0.366,0.119,0,"0","SUSD3"
"16",0,1.75035943343566,0.315,0.094,0,"0","TNFRSF25"
"17",0,2.76801794317234,0.258,0.042,0,"0","TNFRSF4"
"18",0,2.07953155612989,0.253,0.052,0,"0","FAAH2"
"19",0,1.67944994322543,0.28,0.085,0,"0","ICOS"
"20",7.27430571652012e-266,1.44764056337299,0.26,0.112,2.66246863530353e-261,"0","CISH"
"21",0,2.21776459197393,0.976,0.317,0,"1","CCL5"
"22",0,3.255411702786,0.713,0.134,0,"1","GZMH"
"23",0,3.23967010042487,0.617,0.099,0,"1","CD8B"
"24",0,3.01705259299822,0.634,0.121,0,"1","CD8A"
"25",0,1.69182792609896,0.55,0.129,0,"1","FGFBP2"
"26",0,1.7551684150124,0.629,0.214,0,"1","KLRK1"
"27",0,1.92160110391606,0.6,0.22,0,"1","LYAR"
"28",0,1.65627677704001,0.655,0.279,0,"1","CD3G"
"29",0,1.75362819221747,0.561,0.187,0,"1","SAMD3"
"30",0,1.82712341034035,0.57,0.201,0,"1","C12orf75"
"31",0,1.82882297811934,0.519,0.176,0,"1","KLRG1"
"32",0,2.0537225831169,0.454,0.126,0,"1","LINC01871"
"33",0,2.03881477524506,0.407,0.098,0,"1","FCRL6"
"34",0,1.81995261226655,0.457,0.173,0,"1","TRG-AS1"
"35",0,2.49821525191397,0.323,0.066,0,"1","KLRC4"
"36",0,1.65545846485923,0.351,0.099,0,"1","ADGRG1"
"37",0,4.02867874480405,0.254,0.021,0,"1","ZNF683"
"38",0,2.49273563204198,0.283,0.056,0,"1","LAG3"
"39",0,1.58418858358634,0.299,0.11,0,"1","CXCR3"
"40",0,1.57833931517915,0.349,0.166,0,"1","GZMK"
"41",0,3.22427479553768,0.757,0.136,0,"2","CCR7"
"42",0,2.64225167263014,0.776,0.168,0,"2","LEF1"
"43",0,2.19365385900917,0.84,0.291,0,"2","TCF7"
"44",0,1.73234961415838,0.787,0.308,0,"2","SELL"
"45",0,2.45924015466113,0.573,0.127,0,"2","MAL"
"46",0,1.79510684960424,0.648,0.22,0,"2","CD27"
"47",0,2.0681361489766,0.634,0.214,0,"2","PRKCQ-AS1"
"48",0,1.71503658312667,0.819,0.419,0,"2","NOSIP"
"49",0,1.67394406492612,0.889,0.518,0,"2","LDHB"
"50",0,1.87893076705161,0.495,0.149,0,"2","FHIT"
"51",0,1.71859388296327,0.554,0.21,0,"2","OXNAD1"
"52",0,1.86359920760324,0.523,0.188,0,"2","MYC"
"53",0,2.45827490352312,0.426,0.096,0,"2","TRABD2A"
"54",0,2.17549787209194,0.433,0.105,0,"2","NELL2"
"55",0,2.13737456100519,0.434,0.126,0,"2","LDLRAP1"
"56",0,1.67727383047325,0.487,0.18,0,"2","RCAN3"
"57",0,1.70084646076764,0.371,0.091,0,"2","TSHZ2"
"58",0,2.30319082228131,0.326,0.077,0,"2","LINC01550"
"59",0,2.09905956551329,0.317,0.099,0,"2","ARMH1"
"60",0,1.65800193206774,0.306,0.122,0,"2","CHMP7"
"61",0,4.36472995090166,0.971,0.064,0,"3","S100A8"
"62",0,4.83180126219987,0.977,0.087,0,"3","S100A9"
"63",0,4.66591398950657,0.953,0.067,0,"3","FCN1"
"64",0,5.56275774858674,0.933,0.052,0,"3","VCAN"
"65",0,4.7614903265821,0.971,0.09,0,"3","LYZ"
"66",0,5.08124464712267,0.773,0.018,0,"3","S100A12"
"67",0,4.40135992935825,0.798,0.053,0,"3","CD14"
"68",0,4.70983077754164,0.708,0.049,0,"3","CSTA"
"69",0,4.18723476281471,0.62,0.049,0,"3","PRAM1"
"70",0,4.28166156609739,0.56,0.036,0,"3","LGALS2"
"71",0,4.19391807162075,0.542,0.049,0,"3","PLBD1"
"72",0,4.09164274545239,0.447,0.031,0,"3","CD300E"
"73",0,4.12736500403646,0.425,0.025,0,"3","ASGR1"
"74",0,4.16560156915326,0.426,0.033,0,"3","TMEM170B"
"75",0,4.98521028391785,0.391,0.02,0,"3","AC020656.1"
"76",0,4.278103312109,0.391,0.024,0,"3","SIRPB2"
"77",0,5.3531807297256,0.358,0.01,0,"3","LINC00937"
"78",0,4.29076817968786,0.346,0.026,0,"3","SLC24A4"
"79",0,4.33977364013739,0.331,0.024,0,"3","OSCAR"
"80",0,4.22379722930654,0.293,0.01,0,"3","NLRP12"
"81",0,3.93930911114279,0.956,0.141,0,"4","GZMB"
"82",0,3.88151232843607,0.912,0.12,0,"4","FGFBP2"
"83",0,3.75620651021694,0.955,0.182,0,"4","GNLY"
"84",0,4.3191745869281,0.891,0.151,0,"4","SPON2"
"85",0,3.90528334296223,0.825,0.124,0,"4","CLIC3"
"86",0,3.39386008859007,0.967,0.288,0,"4","PRF1"
"87",0,2.93946901298804,0.771,0.125,0,"4","FCGR3A"
"88",0,2.93098725132356,0.998,0.358,0,"4","NKG7"
"89",0,3.45333241602709,0.734,0.095,0,"4","KLRF1"
"90",0,3.10487039244815,0.844,0.215,0,"4","HOPX"
"91",0,3.12246989615563,0.614,0.109,0,"4","S1PR5"
"92",0,3.24504232231097,0.58,0.093,0,"4","ADGRG1"
"93",0,3.02241711197731,0.599,0.129,0,"4","CX3CR1"
"94",0,3.26559001953097,0.535,0.082,0,"4","PRSS23"
"95",0,4.02673391480485,0.476,0.042,0,"4","SH2D1B"
"96",0,3.25023325008879,0.498,0.085,0,"4","TTC38"
"97",0,2.8531756082255,0.419,0.08,0,"4","LINC00299"
"98",0,3.55942897902338,0.366,0.042,0,"4","AKR1C3"
"99",0,3.5795326564149,0.269,0.037,0,"4","CHST2"
"100",0,3.29297207784329,0.254,0.045,0,"4","SIGLEC7"
"101",0,4.6124847869516,0.862,0.078,0,"5","XCL1"
"102",0,4.25227561126503,0.85,0.101,0,"5","XCL2"
"103",0,3.57423129872169,0.875,0.179,0,"5","IL2RB"
"104",0,3.8032407991248,0.701,0.086,0,"5","CD160"
"105",0,2.95958548302525,0.825,0.262,0,"5","CMC1"
"106",0,3.45191448957198,0.608,0.071,0,"5","TRDC"
"107",0,5.00283794111154,0.537,0.026,0,"5","TOX2"
"108",0,3.28675775589191,0.569,0.104,0,"5","CCL3"
"109",0,4.51760593845981,0.504,0.041,0,"5","SPRY2"
"110",0,3.81625028155174,0.506,0.049,0,"5","ADAMTS17"
"111",0,3.17828917688072,0.478,0.062,0,"5","NCAM1"
"112",0,3.16858274500601,0.48,0.07,0,"5","CD38"
"113",0,3.72400037466533,0.458,0.05,0,"5","CXCR6"
"114",0,3.35427070493036,0.459,0.051,0,"5","KLRC1"
"115",0,3.64528942418642,0.417,0.043,0,"5","IL12RB2"
"116",0,3.10066346651868,0.396,0.049,0,"5","NCR1"
"117",0,3.16256319440506,0.323,0.048,0,"5","FASLG"
"118",0,5.22886452445046,0.281,0.011,0,"5","PTPRD"
"119",0,2.97536894319423,0.296,0.056,0,"5","LZTFL1"
"120",0,3.55444268377349,0.25,0.029,0,"5","P2RY11"
"121",0,2.14296583944401,0.773,0.252,0,"6","UBE2S"
"122",0,2.08463240517301,0.809,0.323,0,"6","CD69"
"123",0,2.06586487962429,0.666,0.18,0,"6","SOCS1"
"124",0,2.08931378238912,0.622,0.152,0,"6","NR4A1"
"125",0,2.85946392048052,0.548,0.113,0,"6","TNF"
"126",0,2.21805035593028,0.894,0.481,0,"6","CXCR4"
"127",0,2.12853490141751,0.57,0.158,0,"6","HSPA1B"
"128",0,2.11003793969494,0.487,0.109,0,"6","DUSP5"
"129",0,2.13170107725131,0.464,0.096,0,"6","PBX4"
"130",0,2.34844244162832,0.433,0.08,0,"6","TUBB2A"
"131",0,2.12591417472487,0.462,0.118,0,"6","IER5L"
"132",0,2.21699593116922,0.396,0.07,0,"6","AC044849.1"
"133",0,2.17924080844551,0.389,0.079,0,"6","ANKRD37"
"134",0,2.6199084733865,0.343,0.056,0,"6","PHLDA1"
"135",0,2.11825557545769,0.339,0.064,0,"6","HSPA2"
"136",0,2.32266744971847,0.306,0.053,0,"6","TNFSF9"
"137",0,2.27083555986911,0.316,0.065,0,"6","RGS1"
"138",0,2.14078395431704,0.975,0.729,0,"6","JUNB"
"139",0,2.4125278638468,0.267,0.051,0,"6","GADD45G"
"140",0,2.34042603383135,0.274,0.058,0,"6","IFNG"
"141",0,7.91091579722577,0.948,0.016,0,"7","CD79A"
"142",0,7.72492037279703,0.931,0.02,0,"7","BANK1"
"143",0,7.84370334586055,0.921,0.014,0,"7","MS4A1"
"144",0,8.66630325915933,0.757,0.005,0,"7","LINC00926"
"145",0,9.05530379790143,0.705,0.002,0,"7","FCRL1"
"146",0,6.72720049767224,0.669,0.007,0,"7","NIBAN3"
"147",0,8.68735016838185,0.56,0.002,0,"7","PAX5"
"148",0,7.40953398728938,0.534,0.008,0,"7","FCER2"
"149",0,8.60545367995608,0.507,0.002,0,"7","FCRLA"
"150",0,8.98710865769462,0.496,0.002,0,"7","CD19"
"151",0,10.5156113309424,0.494,0.001,0,"7","VPREB3"
"152",0,6.7582116086097,0.49,0.007,0,"7","TNFRSF13C"
"153",0,9.05988242660689,0.42,0.002,0,"7","COL19A1"
"154",0,6.96522942081606,0.39,0.002,0,"7","IGHD"
"155",0,7.33190279344154,0.382,0.003,0,"7","TCL1A"
"156",0,8.72139911473405,0.366,0.002,0,"7","LINC02397"
"157",0,6.52486434627815,0.308,0.004,0,"7","FAM30A"
"158",0,8.516779635072,0.27,0.001,0,"7","LINC01781"
"159",0,6.63244608330816,0.264,0.004,0,"7","TNFRSF13B"
"160",0,8.70608933884067,0.258,0.001,0,"7","FCRL2"
"161",0,2.73691262601213,0.95,0.289,0,"8","KLRB1"
"162",0,5.55111682717029,0.676,0.021,0,"8","TRAV1-2"
"163",0,5.50022388027919,0.662,0.022,0,"8","SLC4A10"
"164",0,2.18247114731604,0.785,0.166,0,"8","GZMK"
"165",0,3.00680442465774,0.759,0.157,0,"8","NCR3"
"166",0,1.72610824262359,0.918,0.418,0,"8","IL7R"
"167",0,2.24323348561481,0.684,0.204,0,"8","KLRG1"
"168",0,1.76462806808966,0.599,0.21,0,"8","AQP3"
"169",0,2.01515921615436,0.545,0.169,0,"8","PRR5"
"170",0,2.02607397716685,0.513,0.156,0,"8","LINC01871"
"171",0,2.71728079303842,0.365,0.064,0,"8","CCR6"
"172",0,2.91777324968281,0.338,0.052,0,"8","AL136456.1"
"173",0,2.3097266959001,0.342,0.058,0,"8","CXCR6"
"174",0,4.59068098065159,0.295,0.016,0,"8","LTK"
"175",0,4.01494373508759,0.268,0.017,0,"8","RORC"
"176",0,2.23524174009382,0.328,0.08,0,"8","DPP4"
"177",0,3.32197648544231,0.282,0.039,0,"8","IL4I1"
"178",1.21567477578989e-221,1.80829883324743,0.311,0.096,4.44949124686857e-217,"8","SLAMF1"
"179",2.79567992624832e-221,1.74347412673914,0.282,0.079,1.02324680980615e-216,"8","LAG3"
"180",4.79882825235352e-198,1.76711760393527,0.337,0.117,1.75641912864391e-193,"8","TNFRSF25"
"181",3.57587263620623e-265,2.78942968163272,0.615,0.338,1.30880514357784e-260,"9","KLF12"
"182",1.28933925795789e-161,2.91489706754278,0.397,0.176,4.71911061805166e-157,"9","MSI2"
"183",8.69915981544196e-161,2.89852371988492,0.496,0.284,3.18397948404991e-156,"9","INPP4B"
"184",1.91258060642078e-152,2.96296765600355,0.477,0.268,7.00023627756071e-148,"9","PRKCA"
"185",2.70033565504807e-142,2.6754176084844,0.492,0.301,9.88349853104144e-138,"9","CAMK4"
"186",5.28590684756784e-137,2.75805324983567,0.366,0.165,1.9346947652783e-132,"9","SLFN12L"
"187",5.64137378648418e-120,2.96454546872208,0.471,0.294,2.06479921959107e-115,"9","BCL2"
"188",8.81516824737581e-118,3.47007088638843,0.337,0.157,3.22643973022202e-113,"9","ANK3"
"189",1.20656776601886e-117,2.83186295253676,0.319,0.138,4.41615868040562e-113,"9","DOCK9"
"190",1.87910153998909e-110,2.76236247244467,0.427,0.255,6.87769954651407e-106,"9","CDC14A"
"191",1.80188514084763e-109,2.81545078169622,0.346,0.168,6.59507980401641e-105,"9","NCALD"
"192",9.96899414493183e-106,2.85692949606461,0.361,0.187,3.6487515469865e-101,"9","MLLT3"
"193",1.52245757558731e-102,2.80416831607035,0.342,0.169,5.57234697240712e-98,"9","TOX"
"194",3.39483900801065e-102,2.71214413718933,0.381,0.208,1.24254502532198e-97,"9","MGAT5"
"195",3.84434179207473e-93,2.9695524403884,0.265,0.115,1.40706753931727e-88,"9","ATP10A"
"196",9.74447737765696e-90,3.06558272767735,0.292,0.137,3.56657616499623e-85,"9","NR3C2"
"197",3.11092123688541e-82,2.67644792466293,0.387,0.24,1.13862828191243e-77,"9","SERINC5"
"198",5.9454695724942e-79,2.68196886386257,0.267,0.128,2.1761013182286e-74,"9","PATJ"
"199",6.80736059549922e-70,2.97921017298033,0.273,0.142,2.49156205155867e-65,"9","PLCL1"
"200",9.98338551480103e-66,2.83076322769301,0.279,0.148,3.65401893227232e-61,"9","LINC01934"
"201",0,9.72802536532489,0.682,0.003,0,"10","CCL14"
"202",0,9.22014017659816,0.68,0.002,0,"10","ADGRL4"
"203",0,9.26946604387872,0.681,0.004,0,"10","VWF"
"204",0,8.62500191622938,0.63,0.003,0,"10","EMCN"
"205",0,9.06789861985831,0.617,0.002,0,"10","SOX18"
"206",0,8.79439710369359,0.609,0.002,0,"10","CLEC14A"
"207",0,8.88617381637924,0.594,0.004,0,"10","PLVAP"
"208",0,9.19007148999832,0.558,0.002,0,"10","RAMP3"
"209",0,8.67528670614362,0.523,0.002,0,"10","MMRN2"
"210",0,8.96182225357311,0.47,0.001,0,"10","SHANK3"
"211",0,9.14108499454498,0.453,0.001,0,"10","DIPK2B"
"212",0,9.44536167083531,0.408,0.001,0,"10","ANO2"
"213",0,10.8040723210663,0.355,0.001,0,"10","ACKR1"
"214",0,8.5826290840563,0.34,0.001,0,"10","ARHGEF15"
"215",0,9.73456634633591,0.325,0.001,0,"10","CD300LG"
"216",0,10.4910271999564,0.324,0.001,0,"10","GPIHBP1"
"217",0,9.84982064834155,0.321,0.001,0,"10","CCDC178"
"218",0,10.3028731887477,0.317,0,0,"10","FAM110D"
"219",0,8.83476598996793,0.316,0.001,0,"10","TM4SF18"
"220",0,10.3255817901394,0.28,0,0,"10","APLNR"
"221",0,8.88879487739455,0.876,0.009,0,"11","C1QC"
"222",0,8.5724545280627,0.869,0.011,0,"11","C1QB"
"223",0,7.71629308086513,0.842,0.02,0,"11","C1QA"
"224",0,6.29502391698311,0.737,0.036,0,"11","LGMN"
"225",0,6.4128970457752,0.679,0.016,0,"11","MSR1"
"226",0,5.86352886707501,0.643,0.025,0,"11","MS4A4A"
"227",0,6.67573191141434,0.621,0.011,0,"11","MRC1"
"228",0,6.67040545602219,0.612,0.01,0,"11","VSIG4"
"229",0,7.50611253458299,0.596,0.012,0,"11","FOLR2"
"230",0,8.95760923860301,0.571,0.003,0,"11","TREM2"
"231",0,6.47404514256951,0.592,0.028,0,"11","RNASE1"
"232",0,6.98400848992732,0.473,0.021,0,"11","MARCO"
"233",0,5.95374812951205,0.441,0.01,0,"11","SLC1A3"
"234",0,8.77307834747792,0.368,0.002,0,"11","LILRB5"
"235",0,7.93998084541024,0.359,0.003,0,"11","LYVE1"
"236",0,6.03485704329514,0.36,0.007,0,"11","SIGLEC1"
"237",0,6.41872335812376,0.357,0.008,0,"11","CD163L1"
"238",0,6.03574548514899,0.358,0.009,0,"11","MMP19"
"239",0,5.89230449396142,0.278,0.006,0,"11","GFRA2"
"240",0,6.42349699034359,0.256,0.004,0,"11","AL035446.2"
"241",0,4.91826910361104,0.927,0.069,0,"12","SMIM25"
"242",0,4.54915090009584,0.915,0.081,0,"12","MS4A7"
"243",0,4.52468435315625,0.915,0.085,0,"12","TCF7L2"
"244",0,4.20780751375034,0.898,0.085,0,"12","LILRB2"
"245",0,4.0969885720615,0.982,0.206,0,"12","LST1"
"246",0,4.75308165398932,0.856,0.087,0,"12","CDKN1C"
"247",0,4.01750507797429,0.797,0.067,0,"12","LRRC25"
"248",0,3.98719511655849,0.784,0.074,0,"12","HMOX1"
"249",0,3.89922276212772,0.759,0.061,0,"12","LILRA5"
"250",0,4.55099633802995,0.618,0.026,0,"12","SIGLEC10"
"251",0,4.55218785426591,0.587,0.022,0,"12","HES4"
"252",0,4.22767297452014,0.566,0.036,0,"12","GPBAR1"
"253",0,5.00761069348023,0.525,0.018,0,"12","NEURL1"
"254",0,4.9682869144711,0.494,0.017,0,"12","LINC02432"
"255",0,5.55277902428573,0.391,0.008,0,"12","AC064805.1"
"256",0,8.82828255132072,0.379,0.001,0,"12","AC104809.2"
"257",0,6.03207959214686,0.358,0.004,0,"12","AC020651.2"
"258",0,4.31015966019446,0.362,0.015,0,"12","TNFRSF8"
"259",0,4.51376739629129,0.355,0.015,0,"12","ICAM4"
"260",0,7.17260267121629,0.327,0.004,0,"12","LYPD2"
"261",0,4.59057019033059,0.943,0.136,0,"13","HLA-DQA1"
"262",0,4.00195910829302,0.99,0.265,0,"13","HLA-DRA"
"263",0,4.0746985514766,0.931,0.224,0,"13","HLA-DQB1"
"264",0,3.92220882326,0.943,0.259,0,"13","HLA-DRB5"
"265",0,4.033241833918,0.986,0.355,0,"13","HLA-DPA1"
"266",0,4.09891275934377,0.975,0.363,0,"13","HLA-DPB1"
"267",0,5.94969545514251,0.604,0.021,0,"13","CLEC10A"
"268",0,6.61770466065253,0.591,0.015,0,"13","CD1C"
"269",0,6.0395443199072,0.584,0.012,0,"13","FCER1A"
"270",0,4.16118807575256,0.544,0.034,0,"13","NAPSA"
"271",0,5.0527973876717,0.513,0.014,0,"13","FLT3"
"272",0,5.47988651626516,0.352,0.008,0,"13","ENHO"
"273",0,4.83114558467027,0.347,0.01,0,"13","PKIB"
"274",0,4.21482287472861,0.345,0.02,0,"13","BATF3"
"275",0,4.48579758637058,0.363,0.051,0,"13","HLA-DQA2"
"276",0,4.36498542504439,0.293,0.009,0,"13","CYP2S1"
"277",0,3.97501455766056,0.288,0.014,0,"13","HLA-DQB2"
"278",0,8.03999339686132,0.263,0.002,0,"13","CD1E"
"279",0,4.13476305194561,0.266,0.017,0,"13","C15orf48"
"280",0,3.97271222211807,0.26,0.016,0,"13","SLAMF8"
"281",0,5.03735777872819,0.959,0.091,0,"14","HBB"
"282",0,5.27644096077958,0.896,0.061,0,"14","HBA2"
"283",0,5.51416521776404,0.884,0.05,0,"14","HBA1"
"284",0,3.8590137437403,0.701,0.132,0,"14","SLC25A37"
"285",0,6.86158748654197,0.273,0.005,0,"14","ALAS2"
"286",4.74497157561258e-220,4.51266764704719,0.263,0.035,1.73670704638996e-215,"14","SNCA"
"287",5.95966182520165e-64,2.94549795686437,0.425,0.238,2.18129582464206e-59,"14","SLC25A39"
"288",1.2765148554353e-32,1.60381469198693,0.541,0.5,4.67217202237876e-28,"14","GYPC"
"289",4.40479549848353e-26,1.10409348105116,0.665,0.749,1.61219920039996e-21,"14","UBB"
"290",1.60131891232016e-19,0.484581223508556,0.103,0.273,5.86098735098301e-15,"14","MAT2A"
"291",5.83673086003539e-18,0.594855454273573,0.243,0.484,2.13630186208155e-13,"14","SRSF2"
"292",6.09527176086261e-12,0.630501164052557,0.186,0.349,2.23093041719332e-07,"14","REL"
"293",1.91216335373793e-08,0.665214750875295,0.18,0.32,0.000699870909101621,"14","CEMIP2"
"294",5.31624748790861e-08,0.656139425266211,0.373,0.305,0.00194579974304943,"14","DHFR"
"295",1.51335609470542e-07,0.518671612177937,0.197,0.33,0.0055390346422313,"14","SYTL3"
"296",3.52153051937026e-06,1.44837269861926,0.256,0.215,0.128891538539471,"14","BLVRB"
"297",3.81667834725744e-06,0.70435499486063,0.177,0.283,0.13969424418797,"14","RBM38"
"298",6.62973988483953e-05,0.512115243411607,0.19,0.293,1,"14","GSPT1"
"299",0.000101754513021875,0.67087942063446,0.262,0.399,1,"14","DDIT4"
"300",0.00410719307388306,0.90550397818056,0.479,0.603,1,"14","GUK1"
"301",0,8.96652236606963,0.774,0.005,0,"15","TPSAB1"
"302",0,9.06714419589128,0.741,0.004,0,"15","TPSB2"
"303",0,10.0672204644436,0.646,0.002,0,"15","CPA3"
"304",0,9.22080450579398,0.496,0.003,0,"15","CTSG"
"305",0,9.85209001624151,0.491,0.002,0,"15","HDC"
"306",0,8.12231429881833,0.44,0.009,0,"15","GATA2"
"307",0,8.47498673713084,0.437,0.008,0,"15","KIT"
"308",0,7.22536237267743,0.44,0.021,0,"15","VWA5A"
"309",0,9.61633511904754,0.413,0.001,0,"15","TPSD1"
"310",0,10.3215423569904,0.404,0.001,0,"15","MS4A2"
"311",0,6.73676907804741,0.444,0.044,0,"15","HPGD"
"312",0,8.11100801261032,0.407,0.007,0,"15","SLC24A3"
"313",0,8.64487395049137,0.381,0.007,0,"15","HPGDS"
"314",0,6.51354363006102,0.378,0.015,0,"15","RHEX"
"315",0,7.96583761486908,0.321,0.007,0,"15","SLC18A2"
"316",0,5.12936253249039,0.309,0.031,0,"15","BACE2"
"317",0,9.8218817223446,0.266,0.001,0,"15","IL1RL1"
"318",0,7.51326777780129,0.26,0.006,0,"15","RGS13"
"319",0,9.57777725151027,0.254,0.001,0,"15","GCSAML"
"320",0,8.87512535181211,0.253,0.001,0,"15","CMA1"
"321",0,11.2720679646658,0.879,0.004,0,"16","DCN"
"322",0,10.3032519893146,0.855,0.003,0,"16","MFAP4"
"323",0,12.2947627023409,0.848,0.001,0,"16","LUM"
"324",0,10.0573781109608,0.857,0.012,0,"16","APOD"
"325",0,9.75587414414805,0.846,0.005,0,"16","MMP2"
"326",0,10.8835506807221,0.812,0.002,0,"16","FBLN1"
"327",0,11.8089502145782,0.738,0.002,0,"16","CXCL14"
"328",0,10.4591488212022,0.701,0.001,0,"16","CCN5"
"329",0,10.6470975398377,0.695,0.002,0,"16","DPT"
"330",0,9.508459485078,0.651,0.001,0,"16","PDGFRA"
"331",0,9.64872455505116,0.556,0.003,0,"16","MFAP5"
"332",0,10.0317711874224,0.553,0.001,0,"16","SVEP1"
"333",0,10.0904054725275,0.528,0.001,0,"16","THBS2"
"334",0,9.92735739387573,0.506,0.001,0,"16","SCARA5"
"335",0,9.61952944822459,0.499,0.001,0,"16","HTRA3"
"336",0,9.75799857800615,0.473,0.001,0,"16","CILP"
"337",0,10.8214619046031,0.398,0.001,0,"16","SFRP2"
"338",0,9.54220610710774,0.354,0,0,"16","CNTFR"
"339",0,9.3023790666267,0.324,0.001,0,"16","LRRN4CL"
"340",0,10.5173550819838,0.308,0,0,"16","LINC02511"
"341",0,5.41742660532057,0.847,0.127,0,"17","CSF3R"
"342",0,9.02310633554717,0.675,0.012,0,"17","FCGR3B"
"343",0,5.50835855264943,0.643,0.098,0,"17","BASP1"
"344",0,8.36448274753546,0.469,0.008,0,"17","KCNJ15"
"345",0,6.41728639557795,0.48,0.036,0,"17","LUCAT1"
"346",0,5.79169754300662,0.497,0.056,0,"17","GLT1D1"
"347",0,5.88463259864854,0.472,0.053,0,"17","TREM1"
"348",0,5.72997232276755,0.448,0.041,0,"17","AQP9"
"349",0,6.88514375511309,0.415,0.025,0,"17","CXCR2"
"350",0,8.41929745609615,0.388,0.01,0,"17","EPHB1"
"351",0,8.49925793351147,0.376,0.007,0,"17","CMTM2"
"352",0,7.24340753894828,0.371,0.019,0,"17","PROK2"
"353",0,8.31418720150809,0.344,0.007,0,"17","MME"
"354",0,7.52105300614727,0.346,0.013,0,"17","TNFRSF10C"
"355",0,5.59814201980075,0.363,0.043,0,"17","DYSF"
"356",0,8.37140075502547,0.324,0.005,0,"17","ALPL"
"357",0,6.77712522500956,0.324,0.021,0,"17","IL1R2"
"358",0,6.44333475671596,0.31,0.019,0,"17","MMP25"
"359",0,7.44878962078383,0.3,0.01,0,"17","S100P"
"360",0,7.43839756537687,0.275,0.014,0,"17","AC005050.3"
"361",0,4.66853453306627,0.848,0.067,0,"18","IL1B"
"362",0,4.17274593508822,0.85,0.11,0,"18","KYNU"
"363",0,4.48605836102896,0.786,0.054,0,"18","CXCL8"
"364",0,4.98293926786073,0.744,0.05,0,"18","AL078604.4"
"365",0,4.34606629491938,0.715,0.074,0,"18","NLRP3"
"366",0,4.44376968756225,0.668,0.047,0,"18","CXCL2"
"367",0,5.86256464189942,0.589,0.023,0,"18","EREG"
"368",0,5.91108159775378,0.537,0.017,0,"18","OLR1"
"369",0,4.17964256804576,0.492,0.03,0,"18","CXCL3"
"370",0,4.31403302947931,0.496,0.043,0,"18","THBS1"
"371",0,4.13520377252643,0.482,0.037,0,"18","AL138720.1"
"372",0,4.29182361153141,0.392,0.019,0,"18","MIR3945HG"
"373",0,5.13955326687256,0.354,0.011,0,"18","AC079753.2"
"374",0,4.42059486267849,0.335,0.017,0,"18","AC106865.2"
"375",0,4.42588681821424,0.326,0.019,0,"18","AC013652.1"
"376",0,4.26414876277276,0.313,0.017,0,"18","CCL20"
"377",0,4.22748732928819,0.285,0.018,0,"18","NPHS1"
"378",0,6.838580350372,0.264,0.004,0,"18","SERPINB2"
"379",0,4.03254695056687,0.28,0.022,0,"18","CENPU"
"380",0,5.32798842512562,0.261,0.007,0,"18","IL1A"
"381",0,9.12726278775041,0.881,0.008,0,"19","KRT8"
"382",0,8.49948428956746,0.863,0.021,0,"19","KRT18"
"383",0,7.17864393998132,0.714,0.021,0,"19","CCN1"
"384",0,7.82140491640476,0.665,0.025,0,"19","FXYD2"
"385",0,9.16005573759505,0.615,0.005,0,"19","KRT7"
"386",0,8.73718662306741,0.498,0.002,0,"19","TM4SF4"
"387",0,8.75336961233758,0.48,0.003,0,"19","KRT19"
"388",0,8.83296459900547,0.476,0.001,0,"19","CLDN1"
"389",0,8.96725556344188,0.471,0.004,0,"19","SFRP5"
"390",0,8.65381143320017,0.456,0.004,0,"19","DEFB1"
"391",0,7.81987218471834,0.454,0.007,0,"19","CXCL1"
"392",0,8.58779426720491,0.441,0.005,0,"19","TACSTD2"
"393",0,9.870111197007,0.414,0.001,0,"19","CLDN10"
"394",0,9.28719473405996,0.37,0.001,0,"19","CLDN3"
"395",0,7.38963027261719,0.35,0.01,0,"19","LGALS4"
"396",0,8.66547822414417,0.311,0.001,0,"19","CLDN4"
"397",0,7.19845971056064,0.289,0.006,0,"19","TCIM"
"398",0,9.86398650875424,0.28,0.001,0,"19","SCGN"
"399",0,9.29396091631361,0.26,0.002,0,"19","EPCAM"
"400",0,7.38544666557408,0.251,0.002,0,"19","SERPINA4"
"401",0,13.2158963423374,0.905,0.001,0,"20","APOC3"
"402",0,13.2305485257932,0.903,0.001,0,"20","APOA2"
"403",0,12.852207815545,0.894,0.002,0,"20","TTR"
"404",0,11.88346264847,0.887,0.009,0,"20","APOA1"
"405",0,11.6404048519613,0.875,0.008,0,"20","HP"
"406",0,12.3459543209722,0.829,0.001,0,"20","FGB"
"407",0,11.7487048885931,0.82,0.002,0,"20","ORM1"
"408",0,13.3318859031902,0.744,0,0,"20","FABP1"
"409",0,11.9251336479865,0.737,0.001,0,"20","ALDOB"
"410",0,11.6145902890521,0.734,0.002,0,"20","HPX"
"411",0,12.1678104758822,0.723,0.001,0,"20","AHSG"
"412",0,12.2403351003989,0.667,0,0,"20","HRG"
"413",0,11.6680237175385,0.642,0.001,0,"20","MT1H"
"414",0,12.4834171360247,0.619,0,0,"20","AGXT"
"415",0,12.1507290986407,0.464,0.002,0,"20","SAA1"
"416",0,13.7491132347732,0.418,0,0,"20","SAA4"
"417",0,13.1462239301489,0.37,0,0,"20","ADH1A"
"418",0,12.744235307517,0.342,0.001,0,"20","SAA2"
"419",0,11.7120804660461,0.33,0,0,"20","PRAP1"
"420",0,11.9843690478417,0.277,0,0,"20","TAT"
"421",0,9.02519744600437,0.947,0.038,0,"21","TAGLN"
"422",0,9.58191701208634,0.898,0.021,0,"21","ACTA2"
"423",0,8.96785919957702,0.707,0.01,0,"21","RGS5"
"424",0,8.50902969559922,0.699,0.005,0,"21","NOTCH3"
"425",0,9.08386044301395,0.68,0.004,0,"21","NDUFA4L2"
"426",0,9.24189692687328,0.59,0.005,0,"21","MUSTN1"
"427",0,9.30349543887496,0.56,0.002,0,"21","COX4I2"
"428",0,9.38997135704195,0.447,0.002,0,"21","TBX2"
"429",0,8.81501518619795,0.432,0.002,0,"21","EDNRA"
"430",0,8.7544884878357,0.417,0.002,0,"21","FRZB"
"431",0,9.65786879219222,0.398,0.001,0,"21","FHL5"
"432",0,11.2686564885028,0.368,0.001,0,"21","RERGL"
"433",0,8.85451614810837,0.338,0.003,0,"21","PLN"
"434",0,8.52915463482344,0.316,0.002,0,"21","GUCY1A2"
"435",0,9.10570593370519,0.312,0.001,0,"21","CARMN"
"436",0,9.96725304708519,0.301,0.001,0,"21","CNN1"
"437",0,10.9785492557893,0.267,0,0,"21","WFDC1"
"438",0,9.41887796962638,0.259,0.001,0,"21","ADGRL3"
"439",0,9.77865306179262,0.256,0.001,0,"21","FOXS1"
"440",0,9.28725208379727,0.252,0.001,0,"21","TBX2-AS1"
"441",0,7.51240696300123,0.469,0.006,0,"22","TYMS"
"442",0,7.31501285347889,0.465,0.005,0,"22","MKI67"
"443",0,12.0067773480921,0.383,0.003,0,"22","PPBP"
"444",0,10.8208099758836,0.375,0.003,0,"22","TUBB1"
"445",0,11.8003709954992,0.367,0.002,0,"22","PF4"
"446",0,11.3681842087476,0.355,0.001,0,"22","GP9"
"447",0,9.37583639602071,0.348,0.006,0,"22","ITGA2B"
"448",0,9.33361574681542,0.336,0.006,0,"22","MPIG6B"
"449",0,10.4577026928288,0.328,0.003,0,"22","TREML1"
"450",0,7.4905108815454,0.324,0.003,0,"22","UBE2C"
"451",0,8.72387009126557,0.324,0.014,0,"22","ACRBP"
"452",0,10.8843762163147,0.309,0.001,0,"22","GP1BB"
"453",0,7.48776500491002,0.297,0.002,0,"22","BIRC5"
"454",0,11.9688258497008,0.293,0.001,0,"22","CMTM5"
"455",0,7.76194194649346,0.281,0.011,0,"22","AP003068.2"
"456",0,10.9374356076616,0.27,0.001,0,"22","PF4V1"
"457",0,8.0059177307153,0.27,0.001,0,"22","PKMYT1"
"458",0,9.50929341001686,0.266,0.004,0,"22","ITGB3"
"459",1.08833205343033e-195,8.04835798644602,0.379,0.036,3.98340414876037e-191,"22","PRKAR2B"
"460",3.60257717993152e-116,8.64927721875484,0.441,0.082,1.31857927362673e-111,"22","NRGN"
"461",0,10.3793547114719,0.931,0.003,0,"23","LILRA4"
"462",0,11.8937142947082,0.828,0,0,"23","LRRC26"
"463",0,14.5175222992179,0.808,0,0,"23","SCT"
"464",0,9.94042326145272,0.808,0.001,0,"23","CLEC4C"
"465",0,11.1367029875493,0.724,0.001,0,"23","LINC01478"
"466",0,7.65000650051125,0.719,0.003,0,"23","CUX2"
"467",0,8.06607662108437,0.581,0.003,0,"23","RGS7"
"468",0,10.6452569316459,0.557,0.001,0,"23","COL26A1"
"469",0,7.92090537499255,0.542,0.003,0,"23","SCAMP5"
"470",0,8.04819114583784,0.512,0.002,0,"23","AC007381.1"
"471",0,8.95171177835046,0.488,0.002,0,"23","LAMP5"
"472",0,14.647203268386,0.478,0,0,"23","AC097375.1"
"473",0,8.10725401367537,0.473,0.003,0,"23","LINC01226"
"474",0,9.00182743946497,0.468,0.001,0,"23","SHD"
"475",0,7.65717574713062,0.419,0.003,0,"23","COL24A1"
"476",0,9.53934523400662,0.379,0,0,"23","KCNK10"
"477",0,8.05912439250756,0.345,0.001,0,"23","KCNK17"
"478",0,11.7926816656229,0.305,0,0,"23","KRT5"
"479",0,7.93620313022398,0.296,0.002,0,"23","VASH2"
"480",0,10.9078157797521,0.291,0,0,"23","AC011893.1"
"481",0,10.3615841088936,0.945,0.02,0,"24","JCHAIN"
"482",0,8.14517556805006,0.94,0.02,0,"24","MZB1"
"483",0,6.83835015805184,0.94,0.072,0,"24","TXNDC5"
"484",0,7.84937078509546,0.849,0.011,0,"24","DERL3"
"485",0,8.81720360396245,0.734,0.003,0,"24","TNFRSF17"
"486",0,11.1848582325194,0.724,0.011,0,"24","IGHA1"
"487",0,9.98388009857412,0.658,0.027,0,"24","IGKC"
"488",0,10.0965069460371,0.553,0.004,0,"24","IGLC1"
"489",0,6.25880980026098,0.432,0.004,0,"24","PYCR1"
"490",0,11.5200315602277,0.392,0.008,0,"24","IGHG1"
"491",0,10.6736491981337,0.387,0.004,0,"24","IGHA2"
"492",0,9.14793785922267,0.382,0.013,0,"24","IGLC2"
"493",0,10.927709239408,0.362,0,0,"24","BHLHA15"
"494",0,6.202675025976,0.362,0.002,0,"24","AC104699.1"
"495",0,9.33209999823552,0.352,0.008,0,"24","IGHG3"
"496",0,10.787653120139,0.317,0.003,0,"24","IGHG4"
"497",0,7.33524806988289,0.286,0.001,0,"24","AC009570.2"
"498",0,12.0735156248,0.251,0,0,"24","IGHGP"
"499",6.45280807199178e-168,9.17179777101343,0.256,0.014,2.36179228242971e-163,"24","IGHG2"
"500",3.80352959504647e-94,7.79842916773174,0.317,0.036,1.39212986708296e-89,"24","IGHM"
